{
  "ts": 1776190835.575411,
  "cpu_count": 4.0,
  "process_cpu_percent": 0.0,
  "system_cpu_percent": 0.0,
  "process_rss_mb": 639.5625,
  "system_available_mb": 16360.28515625,
  "system_total_mb": 32724.37890625,
  "disk_free_mb": 167632.2421875,
  "machine_intensity": 1.0
}