{
  "ts": 1775143406.8761692,
  "cpu_count": 4.0,
  "process_cpu_percent": 0.0,
  "system_cpu_percent": 0.0,
  "process_rss_mb": 296.26953125,
  "system_available_mb": 18002.0625,
  "system_total_mb": 32724.37890625,
  "disk_free_mb": 168157.16015625,
  "machine_intensity": 0.9
}