{
  "ts": 1775928213.821116,
  "cpu_count": 4.0,
  "process_cpu_percent": 0.0,
  "system_cpu_percent": 0.0,
  "process_rss_mb": 193.234375,
  "system_available_mb": 18933.0859375,
  "system_total_mb": 32724.37890625,
  "disk_free_mb": 168127.2109375,
  "machine_intensity": 0.9
}