{
  "ts": 1776759932.7588027,
  "cpu_count": 4.0,
  "process_cpu_percent": 0.0,
  "system_cpu_percent": 0.0,
  "process_rss_mb": 1112.96484375,
  "system_available_mb": 22000.6171875,
  "system_total_mb": 32724.37890625,
  "disk_free_mb": 161927.15625,
  "machine_intensity": 1.0
}