{
  "ts": 1775202379.8096356,
  "cpu_count": 4.0,
  "process_cpu_percent": 0.0,
  "system_cpu_percent": 0.0,
  "process_rss_mb": 178.7265625,
  "system_available_mb": 16281.96484375,
  "system_total_mb": 32724.37890625,
  "disk_free_mb": 168137.05078125,
  "machine_intensity": 0.9
}