{
  "ts": 1775240043.7458284,
  "cpu_count": 4.0,
  "process_cpu_percent": 0.0,
  "system_cpu_percent": 0.0,
  "process_rss_mb": 171.0390625,
  "system_available_mb": 16545.18359375,
  "system_total_mb": 32724.37890625,
  "disk_free_mb": 168134.2265625,
  "machine_intensity": 0.9
}