{
  "ts": 1776192354.2705717,
  "cpu_count": 4.0,
  "process_cpu_percent": 0.0,
  "system_cpu_percent": 0.0,
  "process_rss_mb": 392.46875,
  "system_available_mb": 16402.82421875,
  "system_total_mb": 32724.37890625,
  "disk_free_mb": 167631.8203125,
  "machine_intensity": 1.0
}