{
  "ts": 1776226753.291803,
  "cpu_count": 4.0,
  "process_cpu_percent": 0.0,
  "system_cpu_percent": 0.0,
  "process_rss_mb": 660.71875,
  "system_available_mb": 14727.375,
  "system_total_mb": 32724.37890625,
  "disk_free_mb": 167628.62109375,
  "machine_intensity": 1.0
}