{
  "ts": 1775139611.5486088,
  "cpu_count": 4.0,
  "process_cpu_percent": 0.0,
  "system_cpu_percent": 0.0,
  "process_rss_mb": 147.87109375,
  "system_available_mb": 16708.2734375,
  "system_total_mb": 32724.37890625,
  "disk_free_mb": 168171.984375,
  "machine_intensity": 0.9
}