{
  "ts": 1775204358.9467697,
  "cpu_count": 4.0,
  "process_cpu_percent": 0.0,
  "system_cpu_percent": 0.0,
  "process_rss_mb": 187.1171875,
  "system_available_mb": 17205.078125,
  "system_total_mb": 32724.37890625,
  "disk_free_mb": 168134.76171875,
  "machine_intensity": 0.9
}