{
  "ts": 1775141756.3307235,
  "cpu_count": 4.0,
  "process_cpu_percent": 0.0,
  "system_cpu_percent": 0.0,
  "process_rss_mb": 740.74609375,
  "system_available_mb": 16967.77734375,
  "system_total_mb": 32724.37890625,
  "disk_free_mb": 168167.1015625,
  "machine_intensity": 0.9
}