{
  "ts": 1775140357.8277724,
  "cpu_count": 4.0,
  "process_cpu_percent": 0.0,
  "system_cpu_percent": 0.0,
  "process_rss_mb": 149.1171875,
  "system_available_mb": 16554.0234375,
  "system_total_mb": 32724.37890625,
  "disk_free_mb": 168171.64453125,
  "machine_intensity": 0.9
}