{
  "ts": 1775160535.8102558,
  "cpu_count": 4.0,
  "process_cpu_percent": 0.0,
  "system_cpu_percent": 0.0,
  "process_rss_mb": 305.515625,
  "system_available_mb": 17901.93359375,
  "system_total_mb": 32724.37890625,
  "disk_free_mb": 168147.484375,
  "machine_intensity": 0.9
}