{
  "ts": 1776188336.8564394,
  "cpu_count": 4.0,
  "process_cpu_percent": 0.0,
  "system_cpu_percent": 0.0,
  "process_rss_mb": 344.30078125,
  "system_available_mb": 14719.125,
  "system_total_mb": 32724.37890625,
  "disk_free_mb": 167632.59765625,
  "machine_intensity": 1.0
}