{
  "ts": 1775904744.971964,
  "cpu_count": 4.0,
  "process_cpu_percent": 0.0,
  "system_cpu_percent": 0.0,
  "process_rss_mb": 195.26953125,
  "system_available_mb": 23065.52734375,
  "system_total_mb": 32724.37890625,
  "disk_free_mb": 168128.15234375,
  "machine_intensity": 0.9
}