{
  "ts": 1775138410.4117107,
  "cpu_count": 4.0,
  "process_cpu_percent": 0.0,
  "system_cpu_percent": 0.0,
  "process_rss_mb": 144.1171875,
  "system_available_mb": 15776.92578125,
  "system_total_mb": 32724.37890625,
  "disk_free_mb": 168172.70703125,
  "machine_intensity": 0.9
}