{
  "ts": 1776012897.7966218,
  "cpu_count": 4.0,
  "process_cpu_percent": 0.0,
  "system_cpu_percent": 0.0,
  "process_rss_mb": 182.86328125,
  "system_available_mb": 19064.01953125,
  "system_total_mb": 32724.37890625,
  "disk_free_mb": 167881.53515625,
  "machine_intensity": 1.0
}