{
  "ts": 1775161775.697242,
  "cpu_count": 4.0,
  "process_cpu_percent": 0.0,
  "system_cpu_percent": 0.0,
  "process_rss_mb": 449.31640625,
  "system_available_mb": 18266.28515625,
  "system_total_mb": 32724.37890625,
  "disk_free_mb": 168147.3359375,
  "machine_intensity": 0.9
}