{
  "ts": 1776016398.80209,
  "cpu_count": 4.0,
  "process_cpu_percent": 0.0,
  "system_cpu_percent": 0.0,
  "process_rss_mb": 341.05859375,
  "system_available_mb": 16673.7734375,
  "system_total_mb": 32724.37890625,
  "disk_free_mb": 167808.421875,
  "machine_intensity": 1.0
}