{
  "ts": 1776194179.7695763,
  "cpu_count": 4.0,
  "process_cpu_percent": 0.0,
  "system_cpu_percent": 0.0,
  "process_rss_mb": 385.47265625,
  "system_available_mb": 15703.7109375,
  "system_total_mb": 32724.37890625,
  "disk_free_mb": 167630.5703125,
  "machine_intensity": 1.0
}