{
  "ts": 1775141302.9913452,
  "cpu_count": 4.0,
  "process_cpu_percent": 0.0,
  "system_cpu_percent": 0.0,
  "process_rss_mb": 284.671875,
  "system_available_mb": 17730.80859375,
  "system_total_mb": 32724.37890625,
  "disk_free_mb": 168167.5546875,
  "machine_intensity": 0.9
}