{
  "ts": 1776057147.0054216,
  "cpu_count": 4.0,
  "process_cpu_percent": 0.0,
  "system_cpu_percent": 0.0,
  "process_rss_mb": 351.43359375,
  "system_available_mb": 15136.76953125,
  "system_total_mb": 32724.37890625,
  "disk_free_mb": 167633.72265625,
  "machine_intensity": 1.0
}