{
  "ts": 1775218828.3706706,
  "cpu_count": 4.0,
  "process_cpu_percent": 0.0,
  "system_cpu_percent": 0.0,
  "process_rss_mb": 180.7265625,
  "system_available_mb": 15243.66796875,
  "system_total_mb": 32724.37890625,
  "disk_free_mb": 168134.52734375,
  "machine_intensity": 0.9
}