{
  "ts": 1775135374.9697165,
  "cpu_count": 4.0,
  "process_cpu_percent": 0.0,
  "system_cpu_percent": 0.0,
  "process_rss_mb": 147.93359375,
  "system_available_mb": 18216.12109375,
  "system_total_mb": 32724.37890625,
  "disk_free_mb": 167504.1640625,
  "machine_intensity": 0.9
}