{
  "ts": 1776769796.4511285,
  "cpu_count": 4.0,
  "process_cpu_percent": 0.0,
  "system_cpu_percent": 0.0,
  "process_rss_mb": 947.89453125,
  "system_available_mb": 18212.0390625,
  "system_total_mb": 32724.37890625,
  "disk_free_mb": 161925.32421875,
  "machine_intensity": 1.0
}